type,color,year,length,condition,width,weight,price
SUV,Black,2022,3.33,Poor,2.172119392417982,3220,11621
SUV,Black,2022,3.44,Average,2.050048610052912,3588,11795
Standard,Green,2018,3.21,Good,2.485968194662138,3105,8811
Standard,Green,2013,3.07,Average,2.9402571426937905,3069,5995
SUV,Purple,2022,3.2,Good,2.1230880576985416,3349,12073
Standard,Black,2022,3.01,Average,2.182127326238198,3284,10584
Standard,Green,2019,2.99,Poor,2.5028687875969164,3305,7518
Standard,Black,2021,2.89,Good,2.1178565117624792,3365,9480
Standard,White,2023,2.91,Good,2.0614616294982127,2779,15266
Standard,Purple,2022,3.0,Good,2.261993516898706,3488,12833
SUV,Red,2018,3.2,Good,2.6668384001371077,3304,8876
Standard,Purple,2020,3.11,Good,2.1464781363650314,2848,9686
SUV,Purple,2022,3.26,Average,1.9969876842110474,3359,8950
Standard,Green,2022,2.81,Poor,1.9264415183311514,3158,9427
Standard,Green,2021,3.25,Poor,2.3511671955031757,3369,9570
SUV,Red,2016,3.26,Good,2.6740774457976633,3138,8593
SUV,Purple,2017,3.25,Good,2.4669334640012064,3089,6828
Standard,Black,2022,3.0,Average,2.009000385803998,3072,10500
Standard,White,2020,3.03,Good,2.291137556913076,2958,9981
SUV,Red,2022,3.2,Good,2.020791410950524,3742,12338
Standard,Red,2022,2.91,Good,2.076507234532999,3004,10971
Standard,Green,2016,2.87,Average,2.824025472996256,2854,6373
SUV,Green,2020,3.3,Poor,2.408171756658041,3533,8392
SUV,White,2022,3.3,Poor,2.109495529816482,2975,9706
Standard,Green,2020,3.12,Average,2.4401626780296852,3027,9192
Standard,Green,2022,3.17,Average,2.1995741884164337,3526,12726
SUV,Black,2019,3.33,New Car,2.509131012181091,3032,11796
SUV,Red,2023,3.24,Good,1.6857286224710744,3230,13659
SUV,Green,2020,3.35,Average,2.228291359514482,3696,9513
SUV,Black,2019,3.34,Good,2.3094357849077816,3344,9900
Standard,Red,2019,3.11,Average,2.350813081070902,3581,8076
SUV,Purple,2021,3.34,Average,2.1603058485468263,3247,8450
SUV,Green,2021,3.21,Average,2.128122422351161,3120,9221
Standard,Black,2018,3.01,Average,2.520155535141991,3079,7339
Standard,Black,2020,3.0,New Car,2.3195436426746996,2776,11434
Standard,Green,2017,2.99,Poor,2.5318902290237335,3425,5299
Standard,White,2021,2.86,Good,2.356439707516183,2912,9989
SUV,Purple,2021,3.48,Poor,2.2607980102466882,3752,6787
Standard,Green,2023,3.04,Average,1.9620150213594072,2658,18944
Standard,Black,2022,3.22,Good,2.0245697607232414,3229,14730
Standard,Purple,2021,2.79,Poor,2.000794797826922,2491,6742
Standard,White,2017,3.09,Good,2.4765878593619153,2774,8316
Standard,Red,2022,2.95,Good,2.135094016208402,3114,13602
SUV,Red,2023,3.26,Good,1.948019201763509,3253,18568
Standard,Red,2022,3.1,Poor,2.108394030578517,2858,9084
Standard,Red,2020,2.99,Average,2.201546450604076,2810,8251
SUV,Green,2020,3.41,Poor,2.357401187125231,3612,9142
SUV,Purple,2022,3.49,Good,2.1104327552528845,3321,12134
Standard,Green,2009,3.03,Average,2.9326530420377317,3097,5517
SUV,Black,2022,3.3,Good,2.2475034141052266,3186,13855
Standard,Black,2021,2.97,Average,2.2360791287293047,2613,9212
Standard,Red,2003,3.01,Good,2.493210893274803,2855,5221
Standard,Black,2023,3.14,Poor,2.015928850792077,3294,12569
Standard,Black,2018,2.96,Average,2.325544964061299,2749,7195
SUV,White,2022,3.16,Average,2.1366778797443255,3441,13003
Standard,Purple,2023,2.85,Good,1.9677247479947177,2649,15345
Standard,Green,2022,3.08,Poor,2.069219058806875,3362,9036
Standard,Red,2021,2.89,Average,2.002683579883746,3340,8258
SUV,White,2020,3.52,Average,2.2213626988718533,3250,10105
SUV,White,2020,3.24,Good,2.1019759345717324,3346,10623
Standard,Red,2018,2.93,Poor,2.5216649830822253,3008,6963
Standard,Red,2009,2.91,Good,2.9127243377926124,3009,5601
SUV,Green,2021,3.47,Good,2.2020482485239334,3228,12280
Standard,Black,2018,3.03,Average,2.5093654649856747,3257,7658
Standard,White,2021,3.11,Good,2.0557694395155774,3361,9694
Standard,Purple,2023,3.11,Average,1.9966917316717763,2864,20515
Standard,Red,2019,2.89,Average,2.470980823675257,2864,8140
SUV,Green,2015,3.23,Poor,2.6647995038109817,3398,6573
SUV,Green,2023,3.23,Poor,1.9189816966669118,3365,8873
SUV,Purple,2015,3.47,Average,2.6351074253149314,3672,6326
SUV,Green,2021,3.32,Good,2.16743808567864,3011,12010
SUV,Black,2021,3.38,Average,2.0580720237653605,3180,10893
SUV,Red,2016,3.15,Poor,2.7568933038324843,3247,5706
Standard,Green,2020,3.18,Good,2.1915140122989962,3495,12033
Standard,Green,2022,3.02,Average,2.0947666668469713,2814,12152
SUV,White,2023,3.14,Average,1.9729093772732207,3633,13493
Standard,Black,2022,3.03,New Car,2.1402490454492087,3318,17156
Standard,Black,2022,3.05,Good,2.02252979035342,3136,12874
SUV,Red,2022,3.31,Average,1.869019962206929,3379,11449
Standard,Purple,2011,2.91,New Car,2.669937769059437,3089,5857
SUV,Green,2018,3.28,Average,2.5086540286175065,3366,8008
SUV,Red,2022,3.19,Average,2.228680783193886,2988,9674
SUV,Purple,2022,3.38,Good,2.0282849013921225,3212,11359
SUV,Green,2018,3.37,Average,2.433931599302589,3831,7988
SUV,Green,2022,3.37,Good,2.30001616233954,3289,17617
SUV,White,2021,3.34,New Car,2.1296602750797162,3544,15416
SUV,Red,2023,3.27,Poor,2.1215538504168134,3166,16002
Standard,Green,2022,3.04,Poor,2.1554925542792995,3202,12493
SUV,Purple,2019,3.24,Good,2.408278354651489,3354,7786
SUV,Green,2021,3.37,Good,2.2373937342456327,3678,11635
SUV,Red,2008,3.43,Good,2.7396209503779527,3503,6787
Standard,Red,2023,2.92,Average,1.9377834319832796,3057,14057
Standard,Purple,2017,2.94,Good,2.5855403081563235,2753,6851
Standard,Green,2022,2.81,Poor,2.1976621883964893,3010,10094
Standard,Purple,2021,3.03,Average,2.1160481788350736,3016,8010
SUV,White,2019,3.43,Good,2.3435138330236307,3878,9312
Standard,Red,2021,3.02,Good,2.1474195665272817,3101,10268
SUV,White,2020,3.33,Good,2.399427427152636,3186,11293
Standard,Red,2016,2.93,New Car,2.743212406667932,2796,9074
Standard,Green,2022,3.05,Good,1.9903710958725818,3064,11167
SUV,White,2015,3.2,New Car,2.731962443556262,3721,10035
SUV,Black,2021,3.15,Good,2.353065975534117,2826,11403
Standard,Green,2017,2.95,Good,2.632187027668075,3454,8327
Standard,Black,1997,2.84,Good,2.0129167105463304,2970,4994
Standard,Green,2004,2.94,Good,2.7146334802780734,2822,5184
SUV,Purple,2023,3.24,Poor,1.8899218845869048,3353,18500
SUV,Green,2023,3.16,Poor,1.946655252789803,2608,21723
Standard,Red,2022,2.89,Good,2.3060975177257204,2944,12574
SUV,Red,2022,3.35,Poor,2.085668054971418,3301,9813
Standard,Red,2019,3.02,Poor,2.2624819629093444,2824,7274
Standard,White,2020,2.98,Average,2.397635366895219,3048,8156
SUV,Purple,2021,3.22,Average,2.220531261891817,3111,8182
Standard,Red,2020,3.03,Average,2.2482498572162357,3161,8622
Standard,White,2022,3.01,Good,2.1075820990001692,3182,13798
SUV,Green,2016,3.32,Average,2.7542993705485586,3509,7344
Standard,Purple,2023,2.82,Good,2.0382662014965423,2283,10669
SUV,Black,2016,3.27,Average,2.726478042072399,3306,7206
SUV,White,2022,3.19,Poor,2.1298946865284147,2831,8298
Standard,Green,2022,2.88,Average,2.1106886289121913,2531,8824
Standard,Red,2023,3.03,Poor,2.018868194696716,3012,13484
Standard,Purple,2022,3.05,Good,2.1674003042608723,2710,11886
SUV,Purple,2022,3.28,Average,2.1849751555538606,3167,10184
SUV,Black,2019,3.54,Poor,2.4588874050855414,3564,8879
SUV,Black,2023,3.6,Average,2.0367470020141347,3290,26135
SUV,Red,2023,3.35,Poor,1.8658268635214212,3811,16424
SUV,White,2022,3.28,Poor,2.2206392312574623,3486,10939
SUV,Black,2016,3.17,Good,2.6973027667609397,3221,8380
Standard,Black,2019,2.99,Good,2.4984357024085595,3198,8466
SUV,Purple,2022,3.27,Average,2.283116129018531,3423,10310
Standard,Green,2022,2.85,Poor,1.9300204660093403,3120,9989
SUV,Red,2021,3.15,New Car,2.073020762740011,3216,12067
SUV,Black,2023,3.23,Good,1.8765922665148735,2840,23889
SUV,Purple,2020,3.24,Poor,2.17019786687527,3289,7065
SUV,Black,2013,3.45,Good,2.9726252610466757,3333,8053
Standard,Black,2017,2.97,Good,2.4060027081279194,2898,7904
Standard,Red,2022,3.03,New Car,2.191203213229451,3469,16064
SUV,Green,2021,3.21,Average,2.2628715957067724,3083,9424
SUV,White,2023,3.27,Average,1.9121837651677007,2840,28212
Standard,Purple,2017,3.05,Average,2.8081455760409395,3209,5949
SUV,White,2023,3.23,Poor,1.8016275289778796,2988,11589
SUV,Black,2012,3.34,Average,3.0635352873957507,3534,6667
SUV,Red,2017,3.37,Poor,2.5628524394741574,3734,6783
Standard,Black,2023,3.2,Poor,2.004047170840689,3011,16144
Standard,Black,2013,2.93,Good,2.8877050788803156,2803,6946
Standard,Green,2021,3.05,Good,2.1648093185144983,3067,11796
SUV,White,2022,3.39,Average,2.220997100260257,3094,11752
SUV,Red,2017,3.45,Good,2.64690868060394,3419,9923
Standard,Green,2021,3.02,Good,2.083227219217741,2414,10648
Standard,Red,2023,2.97,Average,1.8403605277274921,2912,13188
SUV,White,2023,3.26,Average,2.0766502905285975,3076,15718
Standard,White,2023,3.16,Good,1.947494662150318,3179,12888
SUV,Red,2019,3.34,Average,2.4323852888363255,3747,8915
SUV,Purple,2022,3.33,Good,2.034365956980265,3305,12239
SUV,White,2019,3.43,Poor,2.243586842977746,3506,8206
Standard,White,2021,2.94,Good,2.202442063319269,2886,11735
Standard,Black,2022,2.84,Average,1.9952691330795276,2298,10641
Standard,Purple,2014,2.89,Good,2.832883747491433,2704,5381
SUV,White,2022,3.22,Average,1.9777070547202866,3145,10513
SUV,White,2021,3.33,Average,2.254374081597165,3261,9142
SUV,Purple,2022,3.27,Good,2.068615495745533,3114,12729
SUV,Black,2023,3.25,Good,1.9763325870486215,2995,18982
Standard,Red,2023,3.06,New Car,1.8912355388745195,2894,17362
Standard,White,2023,2.84,New Car,1.936603265665076,2443,23139
Standard,Purple,2015,2.9,Good,2.8943768456217027,2814,5537
Standard,Red,2023,3.05,Good,1.9264931430090992,2959,16684
Standard,Purple,2013,2.94,Average,2.9775502458457526,2868,5146
SUV,White,2016,3.33,Average,2.760095478916443,3342,7233
Standard,Black,2015,3.0,Poor,2.812194106094587,2922,5793
Standard,Black,2018,2.97,Average,2.5012641500054174,3023,7808
Standard,Green,2021,3.14,Average,2.188578616142035,3159,10134
SUV,Black,2022,3.34,Average,2.0990180730874486,2929,12523
SUV,White,2022,3.5,Good,2.0195547432523475,3774,13909
Standard,White,2022,3.11,Average,2.246989364029768,2989,12723
SUV,Black,2022,3.27,Average,1.75744976155056,3150,11602
Standard,Red,2020,3.05,Average,2.1435405772843894,3184,8965
SUV,Black,2021,3.27,Good,2.217376137937887,3376,10664
SUV,Purple,2021,3.2,Poor,2.238790227937141,3124,6703
Standard,Red,2021,2.96,Poor,2.0141927095272454,3115,9022
Standard,Green,2012,2.98,New Car,2.870732863648099,3082,7165
Standard,Purple,2020,3.09,Good,2.2259162969418886,2747,9096
Standard,White,2022,2.9,Average,2.0028775077700423,3075,10430
SUV,Purple,2022,3.37,Poor,2.016742010710985,3316,10375
SUV,Purple,2023,3.03,Average,2.0829309270399423,2552,13189
Standard,Green,2015,3.11,Good,2.8427345306829723,3244,7958
Standard,White,2015,2.79,Good,2.864550505269218,2948,6498
Standard,White,2021,2.95,Poor,2.125019800269618,2833,7761
SUV,Green,2021,3.26,New Car,2.2471915983159496,3788,15515
Standard,Green,2022,2.92,Good,2.2042049736928018,3230,13786
SUV,Black,2021,3.27,Good,2.2052044160656497,2785,11018
Standard,Purple,2018,2.96,Good,2.481071556908377,2758,6739
Standard,Red,2020,2.8,Poor,2.3322264098517245,2713,6399
SUV,Purple,2022,3.23,Average,2.071276854861308,3404,11416
SUV,Red,2021,3.45,Good,1.942828513743008,3503,10910
Standard,Red,2022,2.87,Average,2.306355827193718,3068,10144
SUV,Purple,2023,3.46,Average,2.066040663286538,3569,12263
SUV,White,2016,3.3,Good,2.6616749997373486,2897,8545
Standard,Purple,2021,3.03,Average,2.365879693453635,2678,8126
SUV,Black,2022,3.39,Average,2.0529139294828704,3468,13562
SUV,Black,2022,3.1,Poor,2.0587901484870827,2999,9834
Standard,Green,2022,3.18,Good,2.021768823389016,3274,12692
Standard,Red,2023,2.96,Good,1.859068262508822,3102,13913
Standard,White,2023,3.08,Good,2.014165625101561,3581,15723
Standard,Red,2004,3.09,Good,2.7174790889492417,2728,6349
SUV,Red,2023,3.48,Average,1.9891474983147661,3444,19501
Standard,Black,2022,2.84,Poor,2.1201391351346306,3592,8036
SUV,Black,2022,3.32,Good,2.0094502025956853,3157,14537
Standard,Black,2023,3.0,Poor,2.152103962850985,2910,13316
Standard,Red,2023,3.06,Good,1.9660985290572917,2782,16228
SUV,White,2020,3.19,Average,2.225218785058751,2924,9144
Standard,Red,2020,3.05,Good,2.251190107202851,3147,8727
SUV,Red,2016,3.12,Good,2.641166222217346,2833,7713
SUV,Purple,2023,3.36,Good,1.9594594386265958,3024,20017
Standard,Purple,2020,3.04,New Car,2.3906297082904553,3040,10376
SUV,Red,2004,3.16,Good,2.4603428561813105,2724,6067
Standard,White,2022,2.98,Good,2.1823644908476267,3112,12345
Standard,Purple,2022,3.07,Poor,2.2340359642076812,3377,8359
Standard,White,2019,3.16,Good,2.4404527426717553,3691,8997
SUV,Red,2022,3.36,Good,2.1938786189810293,2959,14589
SUV,Green,2021,3.43,Average,2.283171547999518,3711,10232
Standard,White,2019,2.78,Good,2.424332757408863,2708,8035
Standard,Green,2020,3.19,Poor,2.4302807571766105,3153,7686
Standard,Red,2017,2.91,Good,2.564506232665796,2355,7640
SUV,Red,2015,3.47,Poor,2.8948755766139564,3412,6502
Standard,Black,2022,3.07,Poor,2.034898694870005,3236,11008
Standard,Red,2014,2.96,Good,2.8336274730854667,3489,6260
SUV,Black,2023,3.33,Average,2.0299360646119013,3544,15037
SUV,Purple,2021,3.06,Poor,2.3308266033042484,3207,7590
Standard,Black,2021,3.12,Good,2.225027094949433,3257,11226
SUV,Green,1990,3.3,Good,1.7446812008296315,3043,5480
SUV,Red,2017,3.28,Good,2.714432136046147,2732,8472
Standard,Green,2016,3.03,New Car,2.7409369244393202,2561,8926
Standard,Purple,2019,2.92,Good,2.5047925238215742,2714,8386
Standard,Black,2021,2.99,Poor,2.3932661267134785,2725,8598
SUV,Red,2022,3.31,Poor,2.1791841627417874,3414,9841
SUV,Green,2020,3.28,Good,2.162761510916545,2594,10731
Standard,White,1996,2.95,Poor,2.1950195586150594,2629,4077
Standard,Black,2020,2.89,Poor,2.406680983041742,2846,6765
SUV,Black,2013,3.54,Good,3.037416105268364,3671,7596
Standard,Green,2020,3.05,Good,2.2259555192444176,3115,10122
SUV,Red,2022,3.27,Average,2.2093498515540824,3299,10672
Standard,Purple,2019,2.96,Average,2.2604321118884525,2933,6720
SUV,Red,2023,3.33,New Car,2.0268227240693784,2948,18582
SUV,White,2022,3.26,Average,1.952144736443887,3311,10395
Standard,White,2022,2.91,Average,2.043695000166416,3037,11490
SUV,Black,2022,3.26,Average,1.972413198728255,3138,11711
Standard,White,2022,3.11,Good,2.2453059356096303,3232,16299
SUV,Purple,2021,3.26,Average,2.3074267312882126,3099,10541
Standard,Black,2023,3.18,Good,1.973012740460581,3387,19645
Standard,Green,2019,2.85,Poor,2.430573443030996,3003,6124
SUV,White,2018,3.36,Good,2.5362341267088255,3427,9572
Standard,Red,2022,2.97,Good,2.1360539048093083,3051,13435
SUV,Purple,2023,3.43,Good,1.841006287595019,4025,16325
SUV,Purple,2022,3.24,Poor,2.142268090499563,3482,9558
Standard,Green,2019,3.09,Average,2.4691962071168825,3049,8197
Standard,Red,2021,3.11,Poor,2.1999000801808144,2753,6696
Standard,White,2017,3.07,New Car,2.6980463227138207,2932,9755
Standard,Black,2021,3.11,Average,2.1426333944342195,2890,10001
SUV,White,2004,3.13,Poor,2.5961522209832184,2941,4787
Standard,Black,2022,3.06,Good,2.1128311831132205,2781,11808
Standard,Green,2015,3.1,Good,2.7517199351200485,3171,7820
SUV,Green,2020,3.37,Average,2.3604224916178342,3170,9482
SUV,Black,2017,3.37,Average,2.4969816478005247,3249,8197
SUV,Green,2022,3.21,Good,2.125562802309906,3183,15224
SUV,Purple,2023,3.27,Poor,2.10528089977547,3586,11570
Standard,Green,2021,3.03,Average,2.1767325137232243,3153,9243
Standard,Red,2021,3.04,Average,2.0979796971625375,3102,9746
Standard,Green,2020,2.95,Good,2.3450065287893085,2794,10329
Standard,Purple,2022,2.94,Average,2.0648187954924317,3584,9275
SUV,White,2013,3.49,New Car,3.020754520558354,3302,9574
SUV,Purple,2022,3.22,Good,2.056675829211606,3375,10933
Standard,White,2017,3.02,Good,2.4998890712089095,2874,7922
Standard,White,2020,2.94,Poor,2.2121319834873736,2931,7012
SUV,Purple,2021,3.28,Poor,2.274261353841075,3158,7402
Standard,Green,2020,2.91,New Car,2.28427241487443,2995,13091
SUV,Black,2007,3.21,Good,2.6459912863862556,3091,5964
Standard,White,2013,2.88,Poor,3.000889124696873,3131,5422
Standard,White,2021,3.02,Good,2.322555592204774,3201,11293
Standard,Green,2023,2.99,New Car,2.1057100095270216,3036,17240
SUV,Purple,2022,3.39,Good,2.158605419325723,3784,12075
SUV,Black,2023,3.13,Average,1.8885174749961284,2864,17572
SUV,White,2016,3.2,New Car,2.794515360281223,3396,9174
SUV,Purple,2023,3.08,Poor,1.9407660113449965,3494,10311
SUV,Purple,2022,3.3,Average,2.0247184218603715,3565,10798
SUV,Purple,2020,3.17,Average,2.323172803060632,3553,7626
SUV,Purple,2022,3.3,Average,2.278228827898622,3226,10321
SUV,Black,2022,3.34,Poor,2.026891048498858,3301,13929
Standard,Green,2020,3.16,New Car,2.2763702161459105,3099,11776
Standard,Green,2019,2.92,Average,2.304407505885873,2817,7866
Standard,Purple,2018,2.88,Poor,2.450668848461227,3312,5794
SUV,Purple,2021,3.34,New Car,2.217468546462017,3159,12523
SUV,Black,2018,3.28,Average,2.4326789043898227,3213,8088
SUV,Green,2022,3.3,Average,2.115264246570055,2798,12339
SUV,White,2022,3.26,Poor,2.115834125488229,3380,9881
Standard,Purple,2022,3.19,Good,2.1412156198885675,3137,11041
SUV,Black,2019,3.28,Average,2.387816539462871,3155,8879
Standard,White,2023,2.98,Average,2.1021732481290356,2867,15532
SUV,Black,2023,3.34,Average,1.999119774022135,3629,16089
Standard,Green,2014,3.06,Poor,2.991302783955756,3480,5568
Standard,Green,2019,2.88,New Car,2.4712224468674955,2933,11716
Standard,Purple,2010,2.81,Average,2.9543913428312436,2558,4407
Standard,White,2017,2.87,Average,2.567389707694216,2665,6922
Standard,White,2020,3.19,Poor,2.329430811466774,2906,8506
SUV,Red,2022,3.49,New Car,2.184924349458641,3272,16316
Standard,Green,2011,3.01,Good,2.843568862443324,3022,6467
SUV,White,2022,3.46,Good,2.2869055689236415,3596,13677
Standard,Purple,2017,3.21,Poor,2.652382250225069,2808,4514
SUV,Black,2022,3.26,New Car,2.0906609498427775,2990,16211
Standard,Black,2014,2.89,Average,3.027889615708921,3097,5733
Standard,Purple,2022,3.13,Good,2.032700943228329,2815,11443
Standard,Red,2023,2.86,Good,2.037674636779836,2874,16551
SUV,Purple,2021,3.21,Average,2.361042857214831,3090,7795
Standard,Green,2023,3.09,Good,2.03874716803386,3294,19785
Standard,White,2015,3.06,Average,2.828474978062837,3386,6616
SUV,Green,2022,3.24,Poor,2.2956581515720775,3032,13404
Standard,Black,2022,2.95,Average,2.2410810362190365,2864,10786
SUV,Black,2022,3.3,Average,2.16790333738244,3592,10646
Standard,Purple,2014,3.01,Good,3.0887500294044137,2694,6243
Standard,Black,2022,3.03,Poor,2.173737495633578,2970,8763
SUV,Purple,2022,3.3,Average,2.0526631720013286,2845,10595
SUV,Purple,2023,3.55,Poor,1.949491974978244,3833,11370
SUV,Black,2021,3.34,Good,2.3403149992433563,2994,10882
SUV,Green,2021,3.48,Good,2.188281183385224,3281,13409
Standard,Black,2023,3.09,Average,1.8967061829512746,2734,21379
SUV,White,2001,3.31,Poor,2.4085422247127557,3515,4948
SUV,White,2014,3.23,Poor,2.9466920397750926,2961,5271
SUV,White,2023,3.52,Good,1.9677891035629673,3905,21007
Standard,White,2022,3.0,New Car,2.1572911040633573,3331,14881
SUV,Red,2022,3.33,Poor,2.197533668642546,3293,9230
Standard,Green,2020,3.08,Good,2.409014688683408,3251,10095
Standard,Purple,2021,3.02,Poor,2.1765633711020227,2793,8208
Standard,Purple,2022,2.95,Poor,2.197437978867295,3211,7413
Standard,White,2020,2.93,New Car,2.206739742222382,3240,12000
SUV,Red,2009,3.38,Poor,2.743530625093645,3092,5514
SUV,Red,2015,3.37,Poor,2.875479874937729,3388,5654
Standard,Purple,2019,3.1,Good,2.361743209153334,3381,7519
Standard,White,2022,2.88,Poor,2.096179610731811,2860,9928
Standard,Red,2021,2.96,Poor,2.477933230551422,3034,8569
Standard,Black,2020,2.97,Good,2.3518450671628037,2967,10156
Standard,Purple,2020,2.95,New Car,2.245914557802337,2918,9244
Standard,White,2021,3.06,Good,2.1578077694083113,2851,11519
Standard,Purple,2021,3.03,Good,2.155212365637778,3073,8288
SUV,Purple,2017,3.36,Average,2.628532781746962,3503,6886
Standard,White,1995,2.95,Average,2.0349100002081633,2772,4473
SUV,Red,2016,3.19,Good,2.6716218724443612,2673,8419
SUV,Red,1987,3.3,Good,1.7410369747162175,3119,4889
SUV,Black,2022,3.31,Average,1.9344491351450555,3467,11189
SUV,Green,2023,3.17,Average,1.9270766081612303,3037,13873
Standard,Black,2021,2.97,New Car,2.3608813426649724,2784,12190
Standard,Purple,2021,2.92,Poor,2.1581137357644513,2852,6962
SUV,Red,2022,3.28,Poor,2.0656975455237476,2992,10116
SUV,Black,2019,3.35,Average,2.52702564601473,3686,9020
Standard,Red,2016,3.0,Good,2.6485595969808564,3041,7435
SUV,Red,2022,3.45,Average,2.1258407542510214,3397,13466
Standard,White,2021,3.09,Good,2.4231611458352473,3182,11459
SUV,Red,1977,3.27,Poor,1.0239763880651085,3498,3738
Standard,Red,2008,3.03,Average,2.660836205434618,2810,5525
Standard,Red,2021,3.18,Poor,2.1495038745504935,3435,7636
Standard,Green,2020,3.21,Average,2.341316084079243,2949,8626
SUV,Purple,2022,3.13,Good,2.1027538792112597,3423,10469
SUV,Black,2017,3.27,Poor,2.5813498946984494,3545,6597
Standard,White,2006,2.99,Average,2.6116480992218514,2642,5267
Standard,Black,2021,3.06,Average,2.0926681607653976,3139,9990
SUV,Green,2023,3.27,Poor,1.9892203769847079,3432,12709
SUV,Green,2007,3.32,Poor,2.791246121012053,3542,4514
SUV,White,2022,3.35,Average,2.3109202574400243,3541,10915
Standard,Green,2021,3.09,Poor,2.154670500891434,3338,7630
SUV,Black,2022,3.42,Poor,2.202366029595958,3297,10954
SUV,Purple,2022,3.26,Good,2.2419400601182997,3023,12762
Standard,Green,2019,3.0,Good,2.331386919090096,2801,8766
SUV,Green,2022,3.13,Average,1.9426605167049398,3008,12021
SUV,White,2018,3.19,Poor,2.597993623872575,3318,7279
SUV,Purple,2023,3.24,Average,2.060147241289264,3181,13177
Standard,Red,2022,3.23,Average,2.0142517203436694,3428,10287
Standard,Red,2019,3.12,Good,2.5005288741244245,3147,10346
SUV,Purple,2017,3.19,Good,2.717770221921274,3645,6479
SUV,Purple,2023,3.35,Poor,1.9276881113805446,3205,17563
Standard,Purple,2020,2.97,Poor,2.1168335352771313,3662,5330
Standard,Green,2020,3.11,Average,2.0699621793037823,3465,9403
Standard,Green,2021,3.03,Average,2.3564261644729285,3404,10335
SUV,Purple,2020,3.39,Poor,2.38983831721072,3345,7353
SUV,White,2022,3.28,Poor,2.1311550739437255,3195,11778
SUV,Black,2017,3.03,Poor,2.6386628868022917,3053,5820
SUV,Green,2020,3.35,New Car,2.3643958294892173,3417,12981
Standard,Green,2017,3.05,Average,2.5922755515815528,2909,7078
SUV,Red,2020,3.24,Good,2.312807246896039,3029,9330
SUV,Green,2021,3.35,Average,1.9590986989316155,3283,9619
Standard,White,2019,3.16,Average,2.2604636633551918,3441,8925
Standard,Green,2023,2.92,Good,2.110295712946883,2827,15212
SUV,Green,2023,3.41,Poor,2.1373834460458423,3452,12320
Standard,Purple,2014,3.08,Good,3.000943038650242,2791,5907
Standard,Purple,2022,2.96,Good,2.1444153673382136,3323,9336
SUV,Purple,2023,3.3,Good,1.8967006891227063,3431,22537
SUV,White,2020,3.38,New Car,2.427645384643724,3260,14195
SUV,Green,2017,3.19,Good,2.516762172651477,3197,8043
SUV,Green,2021,3.25,Good,2.2492605355827484,3246,12411
Standard,Red,2010,3.01,Poor,2.8749282810690406,3159,4599
SUV,Green,2008,3.16,Good,2.630210503019791,3188,5945
Standard,Red,2021,2.96,Average,2.2597333682255365,3286,8746
SUV,Green,2020,3.2,New Car,2.209242890594462,3036,11206
SUV,Red,2023,3.19,Good,2.210257548748331,3359,20879
SUV,Green,2015,3.45,Good,2.801670017659422,3540,7685
Standard,Black,2011,2.99,Average,2.896484821417731,2866,5618
SUV,Black,2021,3.2,Average,2.263627298945626,3206,11206
SUV,Green,2021,3.42,Poor,2.174605343605311,3141,8913
SUV,White,2023,3.3,Good,1.9322478994485202,3061,15264
SUV,Black,2023,3.38,Poor,1.9726552789151244,3330,22839
SUV,Purple,2020,3.23,Good,2.56754655137524,3221,8597
Standard,Black,2015,3.02,Average,3.0050172578958856,3269,6064
Standard,Purple,2021,3.09,Average,2.2352066887691553,3191,8761
SUV,Red,2019,3.58,Poor,2.356846017889932,3461,8540
Standard,Red,2009,2.92,Poor,2.593723369492019,2774,4917
SUV,Green,2021,3.3,Poor,2.2750548789424236,3134,9380
Standard,Purple,2016,3.1,Average,2.5818128285663353,3076,5523
SUV,Purple,2016,3.19,Good,2.9582203143517765,3612,6462
Standard,Red,2010,2.97,Average,2.935181239801147,2737,5311
Standard,Black,2023,2.86,Good,2.0907046103227014,3173,12911
Standard,Purple,2017,3.06,Poor,2.579274914805037,2927,4674
SUV,White,2023,3.3,Average,1.9195719913431808,3553,15670
SUV,Green,2022,3.49,Good,2.3441357786374786,3347,18244
SUV,Black,2020,3.48,Average,2.328074392325468,3514,9480
Standard,Green,2012,2.89,Average,3.0681121613206326,2842,5660
Standard,Green,2022,3.02,Average,2.164626153676908,2907,11247
Standard,Black,2023,3.04,Poor,1.9441931649343598,2751,15329
SUV,Purple,2020,3.32,Average,2.486282677845664,3159,7574
Standard,Purple,2023,3.02,Good,1.9371541940999848,2772,16568
SUV,Black,2018,3.31,Good,2.4354765322438086,3421,10552
Standard,Red,2022,3.02,Poor,2.154211687873564,3066,8603
Standard,Red,2021,2.85,Average,2.1450399845671795,2896,9361
SUV,White,2013,3.22,Good,3.0534852719147536,3378,7067
Standard,Green,2021,2.84,Good,2.139147884069901,3307,9206
SUV,Purple,2019,3.27,Good,2.3850417528905394,2854,8682
SUV,White,2023,3.37,Poor,2.147148987127186,3287,15077
Standard,Purple,2018,3.18,Poor,2.462532595463209,3296,5143
SUV,Red,2022,3.21,Good,2.1528192102210544,3196,13623
SUV,Black,2018,3.23,New Car,2.7333794602678516,3424,10462
SUV,Purple,2023,3.28,Average,2.145694247846619,2843,14525
SUV,White,2016,3.27,Good,2.6222833793448475,3000,8861
SUV,White,2015,3.2,New Car,2.810227666065442,3202,8915
Standard,White,2020,2.97,Good,2.2070521706509414,2651,9060
Standard,White,2020,2.99,Good,2.2081879327888716,3239,9052
SUV,Green,2020,3.19,Good,2.2581028199562923,3668,10975
Standard,Green,2019,3.01,Good,2.3966443981346486,2670,8038
Standard,White,2019,3.02,Good,2.213122812667953,2665,8572
Standard,Red,2023,3.2,Good,2.0975571455350344,3010,18902
SUV,Black,2021,3.35,Poor,2.1719062926979755,3642,8985
Standard,Green,2022,2.89,Good,2.0327795718302153,3262,12458
SUV,Green,2023,3.26,Good,1.9934205373742377,3038,20596
SUV,Green,2021,3.16,New Car,2.266133363427074,3218,13220
Standard,Green,2017,2.96,Good,2.692867415845465,3257,7612
Standard,White,2014,2.89,Average,2.8793809351687933,3002,6042
SUV,Green,2021,3.33,Average,2.3480098485524508,3410,10687
SUV,White,2023,3.17,New Car,1.730013598058365,2949,27348
Standard,Green,2023,2.94,Average,2.100457742247216,2835,11630
Standard,Purple,2021,2.99,Good,2.207004217621187,3015,10828
Standard,Purple,2006,2.97,Good,2.679868746770335,3058,4754
Standard,White,1995,3.08,Average,2.0544000878690567,2903,4362
SUV,White,2023,3.34,Poor,1.848939793138117,3311,14708
SUV,Red,2017,3.27,Good,2.551267129596282,3294,7959
Standard,Black,2009,3.03,Good,2.8010610440129664,3295,5862
Standard,White,2009,2.83,Good,2.6944117308768023,2427,5675
SUV,Green,2020,3.42,Poor,2.065512352209427,3602,7903
SUV,Black,2020,3.46,Good,2.172797435218634,3690,10074
SUV,Green,2020,3.38,Good,2.3167876701235866,3178,11544
Standard,Red,2022,2.89,Poor,2.2548223183708385,2342,8765
Standard,White,2021,2.93,Average,2.2829259635531867,2843,8370
SUV,White,2012,3.38,Average,3.0239111653775694,3715,6172
Standard,Green,2023,3.19,Average,1.8961505982431515,2822,18192
Standard,Black,2018,3.05,Good,2.6440679082146183,3041,7933
Standard,Black,2019,2.91,Average,2.3594111007398606,3028,7637
Standard,Red,2022,2.85,Poor,2.010335394922083,2684,9040
SUV,Red,2022,3.11,Good,2.2082943569129343,3056,13097
SUV,White,2023,3.17,Average,2.1114956688310955,3011,14289
SUV,Green,2014,3.21,Good,2.9193483871721635,3442,6788
SUV,White,2019,3.21,Average,2.5034591370818164,3059,9014
SUV,White,1999,3.26,Average,2.235219795788185,3069,4872
Standard,Black,2015,3.14,Good,2.7486883982771735,2845,7104
Standard,White,2021,2.94,Good,2.2041896008386104,2701,12056
Standard,White,2010,2.85,Good,2.8806153393486453,2904,5719
Standard,White,2021,3.02,Poor,2.134805394622253,3223,9031
SUV,Black,2022,3.17,New Car,2.0109834218821434,2936,16551
Standard,Black,2022,3.1,Poor,2.042418921121,3305,11011
Standard,White,2022,2.81,Average,2.113547325148302,2901,10705
Standard,Black,2023,3.12,Poor,1.8564004210697984,3120,14039
Standard,Green,2019,3.01,New Car,2.329318021837638,3134,9345
SUV,Green,2014,3.34,New Car,2.684647236471668,3001,10031
Standard,Black,1954,2.94,New Car,0.0143194896901504,2524,4439
Standard,White,2021,3.03,Average,2.19250247459604,3949,8844
SUV,Green,2022,3.21,Good,2.2543887976657304,3092,13856
Standard,Green,2022,2.99,Good,2.115948071802769,2953,12338
Standard,Purple,2023,3.01,Good,1.9752283549442464,3059,14698
SUV,Black,2017,3.48,Average,2.3796037076858405,3640,7831
Standard,Black,2015,2.94,Good,2.9534400402744083,3220,6453
SUV,Purple,2020,3.32,Poor,2.1673656549530964,3029,7196
SUV,Red,2023,3.23,Average,2.097944886562011,2984,19425
SUV,Red,2022,3.28,Poor,2.044336235108496,3274,9683
SUV,Black,2022,3.23,Poor,2.1321726170220896,3089,8802
Standard,White,2017,2.99,Average,2.6782061795670087,3283,7096
Standard,Purple,2020,2.81,Average,2.271185200057348,2643,6506
SUV,Red,2015,3.15,Average,2.7539255002729437,3324,6808
Standard,Red,2021,3.01,Good,2.1431716136576386,2897,11624
Standard,Red,2022,3.11,Good,2.022893199804721,3270,13345
SUV,Black,2023,3.36,Average,1.9868868739141357,3451,15243
SUV,Red,2021,3.37,Good,2.1714129325294467,3500,14034
SUV,Green,2021,3.45,Good,2.089697840788019,3442,12197
Standard,Black,2022,3.01,Good,2.2814944936499586,2532,11980
SUV,White,2018,3.17,Good,2.539044933118631,3592,8335
SUV,Black,2018,3.2,Average,2.4735206043895737,3317,7765
SUV,Purple,2015,3.33,Good,2.87188002687762,3318,6935
Standard,Green,2023,2.95,Good,1.9238716627783425,3131,12548
SUV,Green,2009,3.3,Poor,2.9047750132666055,3152,5575
SUV,Red,2021,3.33,New Car,2.0241504855512047,3357,13070
SUV,Black,2023,3.37,Average,2.0312657790927657,3654,27867
Standard,Red,2022,2.91,Poor,2.0784366904886937,2971,9995
Standard,Purple,2017,3.03,Good,2.410989956944053,3400,6710
SUV,Red,2018,3.33,Average,2.555778391273196,3446,8497
Standard,White,2022,3.07,New Car,2.16291206455389,2796,16124
SUV,Green,2020,3.31,Good,2.2635539632151835,3209,11822
SUV,Purple,2018,3.17,Poor,2.519804586322208,2985,5691
SUV,White,2020,3.33,New Car,2.1833375662873538,2985,13708
SUV,Red,1988,3.38,Average,1.7791536874481952,3031,4862
Standard,White,2020,3.02,Poor,2.1832756490755085,2893,7348
SUV,Green,2023,3.21,Average,1.9875798035950858,2735,11963
SUV,White,2022,3.23,Good,2.053489286209286,3251,14554
SUV,Purple,2015,3.19,Good,2.767075830566119,3187,6567
Standard,Purple,2023,2.84,Average,1.9085670262927308,2678,9354
Standard,White,2018,3.2,Good,2.581631784788705,2886,8898
Standard,Green,2019,3.0,Good,2.2899288467221686,3159,8367
SUV,Red,2023,3.42,Poor,1.8724585930878712,3635,11698
SUV,Black,2022,3.11,Good,2.1191401161339147,3109,12970
SUV,Purple,2022,3.21,Average,2.086035374382839,3135,11204
Standard,Purple,2023,2.98,Average,1.8819380346422714,3215,11566
Standard,Black,2020,2.94,New Car,2.216114827788271,2920,11172
SUV,White,2019,3.27,Average,2.194243715398414,3144,8440
SUV,White,2022,3.16,Average,2.071128437995981,3300,11807
Standard,Black,2016,3.17,Poor,2.623573460079151,3126,5362
SUV,Green,2019,3.35,Good,2.558431191702854,3706,9299
SUV,Green,2023,3.12,Average,2.182438833476456,3650,11961
SUV,Purple,2017,3.34,Average,2.4912755073663404,3513,6645
SUV,Green,2014,3.23,Average,2.9035382610710743,3239,6394
Standard,White,2022,2.96,Good,2.030530433337783,2923,13624
Standard,Green,2022,3.06,Average,1.989002485431339,3162,10640
SUV,Red,2019,3.28,Good,2.5850087065936393,2684,11408
SUV,Black,2022,3.23,Good,2.260578940922846,3263,12649
SUV,Red,2020,3.27,Good,2.1751336011865927,2917,10128
Standard,Green,2021,2.93,Poor,2.282035762902068,2611,7414
Standard,White,2016,2.94,Average,2.6157488299119738,3069,6473
Standard,Black,2012,2.93,Average,2.974796343820655,2644,5435
Standard,Black,2019,2.89,Poor,2.309899829263103,2629,6554
Standard,Purple,2019,3.13,Average,2.324879866004752,2731,6861
Standard,White,2022,3.0,Poor,2.120943397209068,2654,9566
Standard,Purple,2020,3.16,Good,2.268980309109796,3748,9312
SUV,Red,2014,3.16,Average,2.8574341422550202,3102,6423
SUV,Red,2021,3.35,Average,2.1596485517739077,3413,10810
Standard,Black,2020,2.84,Average,2.458447422526722,3102,8342
SUV,Green,2021,3.41,Average,2.1674717135170343,3545,9441
Standard,Purple,2022,3.05,Good,2.1649572436055644,3370,10482
Standard,Red,2019,2.98,Poor,2.417931978299145,2929,7647
SUV,Black,2018,3.47,Good,2.4155502249344014,3674,10242
SUV,Purple,2021,3.28,Poor,2.347630809608967,2901,8295
Standard,Red,2019,2.85,Poor,2.378135257736165,2949,6674
SUV,Purple,2020,3.21,New Car,2.3717388460922058,2969,10268
Standard,Purple,2023,3.0,Average,1.9892985957276117,2906,13443
Standard,Green,2012,2.98,Poor,2.7582496443103794,2829,5254
SUV,Purple,2023,3.31,Average,1.796651869158831,2879,14545
SUV,Red,2019,3.39,Average,2.3226433781336873,3673,8894
SUV,Red,2009,3.2,Average,2.762033631276992,3193,6020
SUV,Red,2021,3.15,Poor,2.057408503098551,3408,10272
SUV,White,2018,3.25,Poor,2.328260188140187,3184,7082
Standard,White,2018,3.02,New Car,2.541370287943843,2792,9267
SUV,Purple,2019,3.13,Good,2.338307075006945,3379,7929
SUV,White,2017,3.21,Good,2.576691007354918,3457,8055
SUV,Green,2022,3.22,Average,2.097623322273834,3627,13227
Standard,White,2023,3.06,Good,1.8559164501192655,3040,17233
SUV,White,2018,3.58,Average,2.4910637902003483,3493,9188
SUV,Red,2022,3.3,Average,2.130212907497245,3298,11214
SUV,Green,2011,3.43,Good,2.9127932776386314,3795,7548
SUV,Black,2023,3.42,Good,1.8483775078262987,3480,18567
Standard,Green,2019,3.1,Poor,2.27425273008972,3443,6786
Standard,Black,2021,2.9,Poor,2.468850465262129,2546,8582
Standard,Red,2019,2.99,Poor,2.451017560131034,2854,6367
Standard,Purple,2019,3.09,Good,2.324340181864065,2909,7066
Standard,Black,2020,3.07,Average,2.2262341634668545,2793,8748
SUV,Purple,2016,3.47,Poor,2.7293193101380187,3427,5431
Standard,White,2022,2.83,Good,2.1461090336331465,2669,12103
SUV,Green,2020,3.32,Poor,2.265986143437383,3367,7957
Standard,Purple,2022,2.87,Good,2.252863499350612,3293,11384
Standard,Red,2021,3.02,Poor,2.2277466794639365,2979,7201
SUV,White,2022,3.31,New Car,2.086026527454763,3590,17970
SUV,Black,2021,3.22,Good,2.173980673669198,3393,11641
SUV,Black,2020,3.21,Poor,2.2730463794765874,2815,8143
Standard,Red,2022,3.13,Average,2.1497813752636374,3267,11667
Standard,Black,2019,2.91,New Car,2.3746244475319784,3100,9784
Standard,White,2022,3.06,Average,2.046426683938368,2680,10396
Standard,Purple,2016,3.26,Average,2.6801458731057926,3391,6124
Standard,Green,2021,3.07,Average,2.190340606267784,2834,9644
SUV,Red,2022,3.32,Poor,2.2007943108103114,3268,10269
SUV,Purple,2023,3.14,Good,1.8933593864915288,3239,14558
SUV,Green,2022,3.45,Poor,2.2494449805353223,3521,9101
Standard,White,2015,2.88,Good,2.7425929711424164,2850,7122
SUV,Black,2022,3.09,Good,2.1844146719261945,2913,11240
Standard,Black,2020,3.0,Average,2.299705328231262,2800,8529
SUV,White,2022,3.37,Good,2.118091456642754,3387,15181
Standard,Purple,2020,3.04,Average,2.457283203666093,3154,6790
SUV,Purple,2022,3.06,Average,2.156202357107654,2647,8387
SUV,Red,2022,3.27,Poor,1.9686585398033913,3206,12005
SUV,Black,2020,3.21,Poor,2.395864322006636,3023,7462
Standard,Purple,2019,2.87,Good,2.548801882920942,2874,7420
SUV,Purple,2013,3.48,Good,3.1244108294729696,3558,7251
Standard,White,2023,2.92,Good,1.9669740185609332,2918,19240
SUV,White,2020,3.26,Good,2.2415996674561853,3497,9609
Standard,Black,2023,3.08,Average,2.0926721363502736,2979,11223
Standard,White,2022,2.99,Poor,2.1253263967430738,2826,11945
SUV,Red,2021,3.39,Poor,2.2793982995924686,2892,9041
SUV,Purple,2022,3.3,Good,1.9960728790910536,3850,11150
Standard,Black,2023,2.92,Good,1.8977751804615357,2615,16745
SUV,Red,2022,3.31,Good,2.2625105288738783,3166,17058
SUV,Green,2022,3.35,Good,2.059314737211664,3204,13090
SUV,Green,2020,3.37,Poor,2.229729686119351,3381,9087
SUV,Purple,2020,3.32,Poor,2.4324695181927174,3308,6730
SUV,Red,2021,3.16,Poor,2.259729365772524,2895,9027
Standard,Black,2021,3.09,Good,2.3195568035310448,2941,11193
SUV,Purple,2021,3.32,Good,2.146273011253848,3299,9454
SUV,Purple,2021,3.28,Good,2.0741699271827523,3139,10200
SUV,Black,2023,3.3,Average,2.009025755047168,3520,17640
SUV,Green,2023,3.39,New Car,2.1085943811285173,3556,18568
SUV,Green,2021,3.26,Poor,2.10183179469684,3056,9499
SUV,Black,2020,3.27,Average,2.2589342272100366,3684,9515
SUV,White,2022,3.22,Average,2.1432260660550906,3444,12694
SUV,Red,2022,3.41,Poor,1.9893745001701573,3501,10808
Standard,Red,2017,2.96,Average,2.5583867731811867,2885,7133
Standard,Red,2023,2.99,Good,2.019775379100761,2981,15664
SUV,Red,2022,3.37,Good,2.0757680430569705,3451,14105
Standard,Black,2022,2.96,Poor,1.9350353150429136,2328,8875
Standard,Purple,2022,3.05,Good,1.7792422622083137,2853,9812
SUV,Red,2021,3.33,Poor,2.1806134190817907,3461,9895
Standard,Red,2012,3.08,Poor,2.8859238055299574,3105,5118
Standard,White,2021,2.89,Poor,2.061294484652203,3348,8077
Standard,Black,2021,2.87,New Car,2.315373639910386,2802,10756
SUV,Purple,2023,3.32,New Car,2.0473253705431267,3619,13677
Standard,White,2013,2.94,Average,3.071062754642448,3103,5731
Standard,White,2017,2.96,Average,2.675707359838118,3414,6573
SUV,Green,2022,3.2,Poor,2.262248251276053,2934,10654
SUV,Purple,2022,3.16,New Car,2.0949419603865134,3343,12002
SUV,Green,2021,3.35,Poor,2.0971591045702036,3195,11046
SUV,Purple,2017,3.23,Average,2.582563376189924,3569,6242
SUV,White,2023,3.37,Good,2.102467576309788,3431,14433
Standard,Purple,2022,3.15,Average,1.9874622048151689,2888,10666
Standard,Green,2022,3.14,Good,2.2215867544993806,2949,13122
SUV,Red,2018,3.47,Poor,2.5738024170354263,3326,7886
Standard,Red,2020,3.0,Poor,2.3870111941438483,2765,8793
SUV,Black,2023,3.23,Good,2.0764334943340836,3326,18275
Standard,White,2016,2.83,Poor,2.8851534243484975,2603,5471
SUV,Purple,2018,3.38,Poor,2.49660222718739,3324,5262
SUV,White,2020,3.42,Average,2.364597567650765,3262,9631
Standard,Black,2022,2.96,Average,1.8719651725200745,3129,11062
Standard,Purple,2018,3.0,Average,2.648843816748492,2844,6495
SUV,Black,2022,3.25,Good,2.054767390799268,2995,12897
Standard,Purple,2021,2.89,Poor,2.430764240312466,3132,7186
Standard,Purple,2022,3.03,New Car,2.074954537035248,3208,11377
SUV,Black,2022,3.25,New Car,2.2540626181454755,2596,16677
Standard,Black,2022,3.0,Good,2.159957963420355,2835,12036
Standard,Green,2017,2.94,Poor,2.6473736042442915,2611,4960
SUV,Red,2022,3.04,New Car,2.1158723645727457,2852,14007
Standard,White,2020,3.02,Average,2.3373684585653995,3407,8067
Standard,White,2022,3.12,Good,2.0366498938002686,2988,13941
Standard,Red,2020,2.96,Good,2.301943611932764,3663,10247
SUV,Red,2023,3.21,Average,2.0498505764400545,3360,14137
Standard,Red,2018,2.94,Good,2.51127221139466,3218,8214
SUV,Red,2020,3.31,Good,2.202387868098585,3171,9749
SUV,Red,2021,3.22,Average,2.2498847221473084,3260,10705
Standard,Black,2020,3.16,Good,2.194352064899113,3113,10377
SUV,White,2021,3.23,Poor,2.006735680620442,2902,7974
Standard,White,2021,2.87,Poor,2.17136094725248,3339,7808
SUV,Black,2021,3.28,Good,2.352867396626902,3289,12336
Standard,White,2023,2.96,Poor,1.9899444729160793,2787,10980
Standard,Red,2007,3.04,Good,2.7399848156375484,3086,5929
SUV,Red,2023,3.39,Good,1.8955399078213342,3725,14902
SUV,White,2019,3.3,Good,2.520370523106952,3025,9250
Standard,Purple,2020,2.95,Good,2.440727106181129,2847,8448
Standard,Black,2011,2.96,Good,2.7941923595386964,3275,6851
SUV,White,2017,3.23,Good,2.5705089697044,3431,8125
Standard,Black,2017,3.05,New Car,2.5231224898745954,3345,9288
SUV,Red,2014,3.2,Good,2.756155011527494,3042,8255
SUV,Black,2022,3.31,Average,2.2517743985253444,3114,11746
Standard,Green,2015,3.09,Average,2.7795291697135234,3264,6772
SUV,White,2022,3.1,Poor,2.0925268171169598,3367,11762
Standard,Purple,2020,3.13,Average,2.251945925629482,3334,7576
Standard,White,2021,2.99,Good,2.2941463147860324,2816,10760
Standard,Red,2022,2.9,Good,1.8917472107952602,3277,12310
Standard,Black,2019,2.93,Good,2.5167731144923002,2669,8860
SUV,White,2012,3.12,Average,2.7781421762560896,3196,5823
Standard,Red,2023,2.76,Average,1.9998670933082952,3121,16967
Standard,Red,2016,3.03,Average,2.6198293025436543,2767,7187
SUV,Purple,2022,3.11,New Car,2.1752541564847765,2905,10749
Standard,Green,2023,3.12,Poor,1.950931578373662,2818,12862
SUV,Green,2022,3.21,Good,2.0730370325822745,3206,12929
SUV,White,2018,3.12,Good,2.503853620669904,3041,7997
SUV,Green,2004,3.27,Average,2.567426763614524,3567,5251
SUV,Purple,2000,3.16,Average,2.2466316795197514,2993,4305
Standard,White,2021,3.01,Poor,2.17027732761695,2787,8389
Standard,Purple,2023,3.03,Poor,1.9213118596091288,3362,11062
Standard,Red,2020,2.92,Good,2.3421948574096914,3009,9324
SUV,Red,2020,3.1,Good,2.166027256182837,2948,9096
Standard,Green,2023,2.86,Good,1.8869272438824538,3396,16967
Standard,Green,2021,3.0,Good,2.1724652830200797,3251,12090
SUV,White,2019,3.41,Average,2.5367838038968045,3418,8519
Standard,Green,2021,2.88,Good,2.335845849767418,2988,10252
SUV,Purple,2002,3.46,Good,2.3207094052330226,3222,5067
Standard,Black,2023,3.14,Average,2.005355103728306,3337,13254
Standard,Black,2020,3.11,Average,2.226979195019695,3314,9366
Standard,Red,2021,2.8,Average,2.2293268179532157,2858,8049
Standard,Black,2015,2.87,Average,2.7818506648823957,2861,5868
Standard,Red,2020,3.03,Average,2.0982219028258364,2836,8210
SUV,White,2021,3.26,Good,2.2064326009513566,3116,11135
SUV,Green,2020,3.28,Good,2.2818786471203816,3603,10532
Standard,Red,2022,3.02,Average,2.0854224813063778,3542,11656
SUV,Red,2010,3.31,Good,2.82302757147981,3112,6426
SUV,Purple,1999,3.66,Average,2.3408200681501876,3128,4945
SUV,Red,2017,3.25,Good,2.6006247913905067,3611,8582
Standard,Black,2023,2.93,Good,2.1617815773989255,2400,15342
Standard,Green,2020,3.01,Average,2.3574431884387232,3036,8717
SUV,Black,2017,3.15,Good,2.6192608533122064,3290,7734
Standard,Purple,2022,2.9,Poor,2.0342323247422383,2803,7962
SUV,Purple,2022,3.47,Average,2.037118062847546,3286,10104
SUV,Green,2021,3.31,Good,2.289812730337112,3435,12169
SUV,Green,2021,3.34,Good,2.1932462343349095,3568,12834
SUV,Red,2021,3.31,Good,2.034273120405786,3181,11148
SUV,Green,2023,3.27,New Car,1.9827283967525577,3117,15228
SUV,Green,2021,3.41,Good,2.1587099210506926,4072,12943
SUV,White,2020,3.2,Poor,2.3585343391472873,3003,8961
SUV,Green,2014,3.06,Good,2.900310691837032,3021,7734
Standard,Green,2021,2.87,Good,2.2256029579695715,2787,10142
SUV,Black,2014,3.23,New Car,2.89375964017392,3563,8863
Standard,Red,2020,2.95,Poor,2.413495996523774,2738,7340
SUV,Green,2020,3.39,Poor,2.3807132568999974,3411,9179
SUV,Green,2022,3.3,Good,1.9515522941904435,3029,15930
SUV,White,2019,3.33,Good,2.5557621658285945,3193,10812
Standard,Red,2022,3.1,Average,2.0266257132365904,2953,14391
Standard,Black,2023,3.13,Poor,2.2555144166087895,3068,18844
SUV,White,2021,3.36,Average,2.2732186851966922,2805,10935
Standard,Purple,2021,2.88,Poor,2.2097591785981705,2826,7275
Standard,Purple,2023,3.16,Poor,2.043609627286924,2991,12900
Standard,Black,2021,3.03,Good,2.196544466884037,3137,9675
SUV,Black,2022,3.21,Poor,2.051091596681847,2905,10404
SUV,Black,2021,3.27,Poor,2.2405380617238424,3424,9118
Standard,Black,2018,3.02,New Car,2.587162540668506,2955,9560
Standard,Purple,2015,2.94,Average,2.735685604354032,2852,5316
SUV,Red,2022,3.3,Poor,2.0587510229727837,3331,12070
Standard,Red,2021,3.07,Average,2.296945091822514,2852,10643
SUV,White,2021,3.27,Good,2.250971771491916,3771,13282
Standard,Green,2022,3.06,Good,2.231765244306945,3325,12566
Standard,Purple,2018,3.03,New Car,2.381182605496806,3433,8862
Standard,Green,2014,2.96,Good,3.0375702585288202,2658,6818
SUV,Black,2020,3.17,Average,2.349363142372647,3183,8589
SUV,Red,2022,3.06,Average,2.1159711059304294,2674,10729
SUV,White,2022,3.42,Average,2.163720137618681,2774,13402
SUV,Purple,2022,3.25,Good,2.1831992530463196,2971,11040
SUV,White,2023,3.33,Poor,2.0015935943936505,3727,11103
SUV,White,2023,3.25,Poor,2.1806776521576015,3134,13191
Standard,White,2019,2.84,Good,2.339439779257027,3013,8347
Standard,Black,2021,2.85,Poor,2.223589069359231,2114,7601
Standard,Red,2022,2.91,Good,2.169928754749061,3150,11720
Standard,Black,2010,3.01,Good,2.6747051520271774,3196,6081
SUV,White,2021,3.37,New Car,2.3023407862596144,3616,14351
SUV,White,2017,3.2,Average,2.440678001823219,3468,7234
SUV,White,2022,3.12,Average,2.1509748078199005,3287,11103
SUV,Green,2022,3.15,Good,2.0636858672110017,3380,13363
Standard,Red,2021,3.04,Good,2.121917512366593,2898,12116
SUV,Purple,2021,3.35,Good,2.1964646245358836,3196,10237
SUV,Red,2021,3.19,Average,2.171567405234084,3024,11914
SUV,White,2021,3.22,Poor,2.3290459628628413,3230,8853
SUV,Purple,2022,3.49,Average,2.016644426053932,3024,10579
Standard,Green,2012,2.77,Average,2.857265073782257,2301,5434
Standard,Black,2020,3.0,Good,2.132079334572895,3220,9770
SUV,White,2023,3.17,Average,1.966083475682713,3067,19964
Standard,Red,2020,3.1,Good,2.2228897013823197,3031,11598
SUV,Purple,2022,3.36,Average,2.183604452001894,3690,10141
Standard,White,2019,3.05,Poor,2.518606761710608,2954,5473
Standard,Purple,2023,3.08,Average,1.9676512456460582,3249,12380
SUV,Red,2023,3.24,Good,2.114205818761481,3635,17579
SUV,Green,2018,3.35,Average,2.471763982037555,3640,7986
Standard,Purple,2018,3.09,Average,2.514068936579998,3067,6572
Standard,Black,2021,3.05,Good,2.0991386435714494,2932,10775
SUV,White,2013,3.25,Poor,2.776108424185165,3589,5829
Standard,White,2023,3.03,Poor,1.96349870838352,3080,14389
Standard,Red,2021,3.01,Good,2.4685262793193314,2882,10987
Standard,White,2020,2.99,Good,2.205758700423543,3117,10601
Standard,Green,2023,2.92,Poor,1.9629834952537382,3036,13405
Standard,Red,2023,2.74,Good,1.9666304562249644,2701,14013
SUV,White,2022,3.17,Good,1.9804470191916872,3233,12571
Standard,Purple,2019,2.99,Good,2.5279423980352895,2817,8345
SUV,Red,1999,3.14,Poor,2.3672046016508594,2794,4442
SUV,Red,2021,3.49,Average,2.19134420380577,3244,10533
Standard,Black,2015,3.15,Good,2.750464111447932,2992,7162
SUV,Purple,2022,3.32,Good,2.204245438402602,2954,11682
SUV,Red,2019,3.27,Poor,2.452800690062201,3792,7807
SUV,Green,2013,3.37,Good,2.8000902742723266,3303,8215
SUV,Purple,2023,3.25,Average,2.082958413620585,2894,13228
Standard,Green,2016,3.02,New Car,2.931951527671358,2446,8455
Standard,Black,2021,3.09,New Car,2.1331795038210823,3112,12305
SUV,Black,1994,3.25,Poor,2.021392288028202,2888,4159
Standard,Green,2019,3.11,Poor,2.3184106769549873,2859,7311
SUV,Red,2021,3.39,Good,2.3281388853314136,3778,12656
Standard,White,2021,2.99,Poor,2.0969450477771696,2930,8095
Standard,Purple,2011,2.81,Average,3.015557261815101,2735,4469
SUV,Black,2022,3.32,Average,1.9617947129312256,3309,12305
SUV,Green,2020,3.34,New Car,2.399575969819911,3457,12240
Standard,Green,2015,3.0,Good,2.6385432247110927,2701,7000
SUV,Black,2019,3.22,Good,2.3729338807328735,3416,9950
Standard,White,2021,3.15,Average,2.3223710765973045,3292,9742
SUV,Red,2022,3.36,Poor,2.140652831471826,3688,12836
Standard,Black,2023,2.96,Good,1.9854740133690834,3325,22929
SUV,White,2021,3.26,Average,2.2088815072282024,3325,10890
Standard,White,2021,3.09,Good,2.195321715454524,3473,11795
Standard,Black,2002,2.88,Good,2.379591026087497,3070,4911
Standard,Red,2022,2.84,Poor,2.0801867323204917,2732,8638
SUV,White,2019,3.34,Good,2.472200560842916,3258,9370
Standard,Black,2022,2.94,Good,2.148687485722416,2964,13779
SUV,Green,2022,3.38,Good,2.0705722554067383,3610,13455
Standard,Purple,2022,3.15,New Car,2.1618545039830486,3433,13517
Standard,White,2023,2.89,Good,2.1057750568586977,2729,18295
Standard,Purple,2023,2.94,Good,2.2259969485163285,2899,14238
Standard,Black,2019,3.16,Good,2.414458010657106,3131,8608
Standard,Green,2016,2.89,New Car,2.689859381193549,3115,8393
Standard,Black,2022,3.09,Average,2.0203392049268953,2926,9347
Standard,Purple,2021,3.02,Average,2.2562962387142846,3083,7880
Standard,Red,2016,3.21,Average,2.7310578859415617,3128,6890
SUV,Black,2022,3.5,Average,2.0293460289366103,3087,12176
Standard,Black,2022,2.94,Poor,2.046570724424144,2802,10504
Standard,Red,2020,3.04,Average,2.403822453770994,2887,8213
Standard,White,2023,3.08,Average,2.0218773926062785,3295,13478
SUV,Green,2019,3.45,Average,2.451092564278014,3570,10760
Standard,Black,2021,3.08,Average,2.107293674438874,3011,9586
SUV,Black,2007,3.22,Average,2.796162521598654,2831,5513
SUV,Red,2021,3.35,Good,2.323327438121427,3079,13358
SUV,Green,2017,3.44,Poor,2.6430301597969663,3407,6561
Standard,Green,2016,2.97,Poor,2.6821152775445736,2538,5756
Standard,Green,2023,3.09,Poor,2.018159406951813,3252,11271
Standard,Purple,2021,2.97,Average,2.32426759390389,2947,8369
SUV,Black,2021,3.15,Average,2.0913463543223925,3047,9001
SUV,Purple,2021,3.25,Good,2.312467867540064,3184,10640
Standard,Purple,2018,2.91,Good,2.577989812350356,2580,6055
Standard,White,2021,3.18,Poor,2.228962555129463,2798,8071
SUV,Red,1999,3.19,Good,2.226859698515709,3225,5551
SUV,White,2013,3.31,Good,2.9609236469584204,3815,7755
SUV,Green,2021,3.26,Good,2.172518248860567,3119,11066
Standard,White,2018,2.93,Poor,2.5249350719299173,2599,6698
SUV,Purple,2022,3.38,Poor,2.15650289839229,3518,9260
SUV,Black,2023,3.3,Average,2.1466417565547276,3288,14458
SUV,Black,2017,3.41,Good,2.67524555036776,3347,8884
SUV,Green,2020,3.34,Good,2.4279924963472523,3497,10623
SUV,Green,2020,3.31,Good,2.1425547219129397,3086,10172
SUV,Green,2019,3.39,Average,2.278822554717754,3267,8767
SUV,Green,2020,3.14,Average,2.3005489346275154,2978,9082
SUV,Red,2022,3.28,Poor,2.053014254025552,2887,10796
SUV,White,2021,3.37,Good,2.2779926203032788,3366,14321
Standard,Purple,2023,2.91,Poor,1.882359166254481,2691,9332
SUV,Black,2020,3.37,Good,2.378208981857385,3334,12515
Standard,Purple,2021,3.01,Poor,2.26988508521049,2957,7717
SUV,Black,2016,3.49,Average,2.7078094694130392,3446,7666
Standard,Red,2021,3.04,Average,2.0840948887015514,2791,10093
Standard,White,2020,3.11,Poor,2.31553785923195,3378,8185
SUV,Purple,2019,3.21,Average,2.4871144337466866,3087,6860
Standard,Purple,2016,2.88,Poor,2.7431909839180575,2340,4564
Standard,Purple,2021,2.93,New Car,2.162208610925838,2814,9810
SUV,Red,2021,3.26,Average,1.8897109970039079,3206,9863
SUV,Red,2013,3.2,Average,3.1567286672024415,3226,6290
Standard,Black,2020,3.09,Good,2.4011832052392417,2711,9553
Standard,Green,2021,2.95,Poor,2.229031686766864,3454,8938
Standard,Black,2022,2.95,Poor,2.0096812500065036,3063,8963
SUV,White,2008,3.39,Poor,2.8045293015772366,3345,5481
Standard,Green,2021,3.01,Poor,2.176970243021623,3511,8766
Standard,Red,2023,3.02,Good,1.8921833332294924,3439,14809
Standard,White,2022,3.24,New Car,2.010340472060101,3034,20083
SUV,Green,2021,3.27,Average,2.3442614015619525,3169,11298
SUV,Purple,2013,3.42,Poor,3.005140611493141,3310,4743
SUV,White,2016,3.44,Poor,2.7298148183175384,3987,6917
SUV,White,2023,3.15,Poor,1.9957686328802196,3253,15859
Standard,White,2022,3.02,Average,1.9477745055241675,3110,10786
Standard,Green,2017,2.91,Average,2.7440546522024887,3065,6353
Standard,White,2020,3.07,Good,2.432156951457496,3018,10359
Standard,Black,2015,2.96,Good,3.0642843203803665,2691,6568
SUV,White,2020,3.24,Average,2.3931597715779014,3135,9211
Standard,Black,2019,3.03,Good,2.4618019016247255,2562,9086
SUV,Purple,2021,3.45,Average,2.322146088537898,3346,10178
Standard,Red,2023,2.78,Good,2.0213091459294135,2772,14675
SUV,Green,2023,3.19,Poor,1.9695242416618437,3210,10427
SUV,Purple,2019,3.22,Average,2.3552534394429427,2897,6745
SUV,Red,2016,3.46,Average,2.7108576184728417,3184,7798
Standard,White,2022,3.04,Good,2.089464432022048,3277,12061
Standard,Red,2021,3.18,New Car,2.1837114655698446,3080,11094
SUV,Purple,2015,3.31,Good,2.814420107445433,3070,6840
SUV,Red,2021,3.28,Average,2.294221111749903,3460,11222
SUV,Black,2017,3.23,Average,2.7380322358072715,2819,7220
SUV,Red,2021,3.38,Good,2.220208199432989,3377,10666
SUV,Black,2023,3.28,Average,2.0031484263132224,3038,13135
Standard,Black,2022,2.99,Poor,1.9641004243751292,3277,9606
Standard,Black,2023,2.89,Good,2.0729187655399737,2859,16775
Standard,Green,2006,2.89,Poor,2.7570177898359396,2655,4442
Standard,White,2021,3.01,Good,2.1667303155982163,3175,9905
Standard,Purple,2020,2.99,Average,2.5012519508340616,2935,6769
SUV,Black,2021,3.39,New Car,2.153735998172031,3635,16181
SUV,Black,2022,3.33,Average,2.2351506111560924,3298,13326
Standard,Green,2021,2.98,Poor,2.173767182911171,2890,7755
SUV,Green,2023,3.26,Average,1.9631933633089715,3690,16840
SUV,Purple,2023,3.17,Poor,2.0814327609654337,3191,10357
Standard,Purple,2021,2.89,Poor,2.183598316470316,3123,8129
SUV,Red,2021,3.21,Poor,2.1183315427337948,3197,10021
Standard,Purple,2023,2.9,Average,1.9940695507019304,2952,10360
SUV,White,2019,3.38,Good,2.471544933012174,3189,9855
Standard,Black,2023,3.02,Poor,2.1372311442745042,3067,12388
SUV,Red,2022,3.23,Average,2.1224291453024624,3125,10507
SUV,Red,2023,3.28,Average,1.9072983916664692,3815,12575
Standard,Red,2019,3.01,Good,2.476649016104592,3136,8479
SUV,Green,2022,3.11,Poor,1.9667141671826918,3317,10272
SUV,Red,2021,3.34,New Car,2.210726122655939,3529,12854
SUV,Green,2020,3.36,Average,2.155034789313532,3198,9409
SUV,White,2023,3.25,Poor,2.186811913963434,3471,13241
SUV,Purple,2019,3.27,Poor,2.2880432540923445,3356,6271
SUV,Purple,2019,3.31,Good,2.6487531694602677,3432,8282
Standard,White,2016,2.94,Average,2.7101306884487775,2636,6430
Standard,White,2020,2.99,Good,2.4249860453795535,3148,9182
SUV,Green,2003,3.03,Good,2.526425182815168,2867,5424
Standard,Green,2022,2.92,Average,2.1899527754355446,2724,11205
SUV,White,2022,3.27,Poor,2.0442834353695294,2942,11935
Standard,White,2019,2.99,New Car,2.2555849318326517,2533,9288
Standard,Purple,2014,3.05,Average,2.795224051156234,2701,5175
SUV,White,2023,3.48,Good,2.0456899846704815,3063,15685
Standard,Purple,2018,2.89,Good,2.52878346866952,2918,6634
Standard,Red,2019,3.08,Average,2.3607299057815307,2893,8010
Standard,Green,2022,2.94,Average,2.050125371459817,2928,10059
Standard,Purple,2021,2.88,Average,2.193529235889921,2637,8028
SUV,Black,2021,3.45,Good,2.0693256109919878,3402,12269
SUV,Green,2021,3.28,Average,2.2235337525605594,3187,9930
Standard,White,2012,3.32,Good,3.041086320612587,3020,7278
Standard,Black,2011,2.83,Poor,3.0496550327344982,3119,5023
Standard,Red,2016,2.94,Average,2.7872078034697676,3086,6182
SUV,Green,2022,3.23,Poor,2.0680035264139423,3555,10423
SUV,Green,2022,3.28,Average,1.9521393865553434,3368,11685
SUV,Black,2007,3.21,Average,2.7390716948072784,3613,5450
Standard,White,2018,3.13,Good,2.490969095958039,2840,8447
Standard,Green,2020,2.9,Poor,2.314471330102152,2575,7834
Standard,Red,2021,2.95,Average,2.0645857793327806,3139,8311
SUV,White,2021,3.2,Average,2.1522025380229435,3141,10771
SUV,Purple,2019,3.33,New Car,2.493248881866382,3503,8859
Standard,Green,2021,2.95,Good,2.414798485685794,2936,10819
Standard,White,2022,3.06,Good,2.233106570073596,2811,14549
SUV,Black,2018,3.26,Poor,2.424895435649035,2965,6134
Standard,Purple,2016,3.18,Average,2.6267934962846167,3456,5988
SUV,Red,2017,3.41,New Car,2.5947005188214356,3007,10839
Standard,Red,2022,2.97,Good,2.1375448866271287,2959,10074
SUV,Purple,2016,3.32,Average,2.6809447830329205,3419,5904
SUV,Black,2022,3.27,Poor,2.050114848489439,3592,9551
Standard,Green,2020,2.99,Poor,2.2772553905310535,2911,8021
Standard,Green,2021,3.03,Good,2.1757743488164185,2629,10770
Standard,White,2018,2.9,Average,2.312070048177927,2866,6753
Standard,Purple,2023,2.88,Average,1.875120385342735,2868,10315
SUV,Black,2020,3.16,Good,2.2817388229229043,3201,10754
Standard,Red,2020,2.94,Good,2.3343062546951243,2916,8340
SUV,Purple,2001,3.17,Good,2.3326002089446876,2929,4934
SUV,White,2015,3.38,Good,2.9234966321451434,3492,8500
SUV,Green,2019,3.28,Average,2.5219342896127745,3330,9323
SUV,White,2023,3.27,Poor,2.0206961101946592,2816,12402
SUV,Purple,2022,3.31,Good,1.9480423598704528,3162,12134
Standard,Green,2021,3.0,New Car,2.14253672720863,2911,11695
SUV,Green,2022,3.43,Poor,2.179281401238008,3653,12676
Standard,Black,2016,3.16,Good,2.708634767592333,3654,8029
SUV,Black,2020,3.23,Good,2.4901172591500034,3274,10440
SUV,Green,2017,3.16,Average,2.6184260178270335,3373,7561
SUV,Green,2022,3.32,Good,2.2174840160992195,3143,13760
Standard,White,2023,3.0,Average,2.10915110568504,2887,18638
Standard,White,2023,2.99,Average,2.038759284862154,2950,12836
Standard,Green,2021,2.96,Average,2.0820512022741315,2973,9148
Standard,Red,2022,3.07,Poor,2.033568851673591,3036,10779
SUV,White,2021,3.41,Average,2.2332311643285476,3400,10986
Standard,Black,2018,2.89,Average,2.565260716570671,3115,6920
Standard,White,2022,3.1,Good,2.1672548981563935,2817,12066
Standard,White,2019,3.06,Good,2.418784663281722,3319,8861
SUV,Red,2005,3.16,Average,2.6214254620321658,3233,5150
SUV,Purple,2020,3.23,Poor,2.309539905271348,2722,7332
Standard,Red,2021,3.0,Good,2.1628915681479572,2534,11011
Standard,Green,2022,3.21,Poor,2.2079308581428507,3242,10543
Standard,White,2017,3.09,Average,2.6620924260685546,2525,7374
Standard,Purple,2022,2.9,Good,2.243046860331963,2912,10179
Standard,Green,2021,2.95,New Car,2.1036433857581724,2881,12091
SUV,Green,2018,3.24,Good,2.407776256648493,3507,8609
Standard,Black,2022,3.0,Good,2.1172927278966096,3346,10230
Standard,Black,2022,2.82,Poor,2.0891645582819605,2623,7608
Standard,Purple,2010,3.09,Good,2.8006250281414773,3417,5681
SUV,Purple,2021,3.2,Average,2.2804522150681192,3988,8197
Standard,White,2022,3.08,Poor,1.999371246009108,3084,9353
Standard,Purple,2023,3.07,Average,1.9823182665365813,3420,16410
SUV,Red,2021,3.46,Poor,2.1335635085960005,3257,10530
Standard,Green,2021,2.88,Poor,2.2982714751556705,2898,8398
Standard,Green,2017,3.19,Average,2.637893467399527,3485,7053
SUV,Purple,2021,3.23,Average,2.1121639223271647,2774,8367
SUV,Green,2022,3.16,Poor,2.11642280244689,3064,11171
SUV,Red,2020,3.09,Average,2.244774645348273,3316,8709
Standard,Black,2006,3.0,Poor,2.786734549829521,3048,4620
Standard,Black,2010,2.99,Good,2.738422450260335,3390,6141
